file,locatie,external_id,x_coord,y_coord,ground_elev,top_filter,bottom_filter
B39E0275001_1028_39EP0033001.csv,B39E0275,39EP0033001,169470.0,438600.0,558.0,366.0,258.0
B39E0275002_1028_39EP0033002.csv,B39E0275,39EP0033002,169470.0,438600.0,558.0,-234.0,-342.0
B39E2783001_1036_39E-2783001.csv,B39E2783,39E-2783001,168961.01,438676.98,676.0,496.0,396.0
B39E2784001_1036_39E-2784001.csv,B39E2784,39E-2784001,168261.55,438310.6,686.0,387.0,287.0
B39E2786001_1036_39E-2786001.csv,B39E2786,39E-2786001,168915.19,438055.08,722.0,485.0,385.0
B39F0300001_1028_39FP0300001.csv,B39F0300,39FP0300001,173033.92,438209.31,675.0,-1339.0,-1439.0
B39F0314001_1021_39FP0314001.csv,B39F0314,39FP0314001,179730.0,440420.0,781.3,-818.7,-1018.7
B39F0314002_1021_39FP0314002.csv,B39F0314,39FP0314002,179730.0,440420.0,781.3,-5618.7,-5818.7
B39F0327001_1021_39FP0327001.csv,B39F0327,39FP0327001,179240.4054,438690.7519,764.8,214.8,14.8
B39F0327002_1021_39FP0327002.csv,B39F0327,39FP0327002,179240.4054,438690.7519,764.8,-3735.2,-3935.2
B39F0578001_1021_39FP0578001.csv,B39F0578,39FP0578001,179982.81,439592.08,696.3,91.3,-0.7
B39F0578003_1021_39FP0578003.csv,B39F0578,39FP0578003,179982.81,439592.08,696.3,-4111.7,-4203.7
B39F0579001_1033_39FP0579001.csv,B39F0579,39FP0579001,176116.4,438721.0,800.0,-500.0,-700.0
B39F0579002_1033_39FP0579002.csv,B39F0579,39FP0579002,176116.4,438721.0,800.0,-3000.0,-5000.0
B39F0579005_1033_39FP0579005.csv,B39F0579,39FP0579005,176116.4,438721.0,800.0,-12000.0,-12200.0
B39F0579006_1033_39FP0579006.csv,B39F0579,39FP0579006,176116.4,438721.0,800.0,-20633.0,-20833.0
B39F0735001_1033_39F-0735001.csv,B39F0735,39F-0735001,176342.94,438354.87,789.0,584.0,484.0
B39F0736001_1028_39F-0736001.csv,B39F0736,39F-0736001,174758.27,438969.53,735.0,332.0,232.0
B39F0736002_1028_39F-0736002.csv,B39F0736,39F-0736002,174758.27,438969.53,735.0,-2457.0,-2657.0
B39F0736003_1028_39F-0736003.csv,B39F0736,39F-0736003,174758.27,438969.53,735.0,-3613.0,-3813.0
B39F0737001_1033_39F-0737001.csv,B39F0737,39F-0737001,175438.72,439404.0,729.0,256.0,156.0
B39F0737002_1033_39F-0737002.csv,B39F0737,39F-0737002,175438.72,439404.0,729.0,-1626.0,-1826.0
B39F0737003_1033_39F-0737003.csv,B39F0737,39F-0737003,175438.72,439404.0,729.0,-3237.0,-3437.0
B39F0738001_1033_39F-0738001.csv,B39F0738,39F-0738001,175920.0,439440.0,715.0,511.0,411.0
B39F0738002_1033_39F-0738002.csv,B39F0738,39F-0738002,175920.0,439440.0,715.0,111.0,-89.0
B39F0738003_1033_39F-0738003.csv,B39F0738,39F-0738003,175920.0,439440.0,715.0,-3888.0,-4088.0
B39F0739001_1028_39F-0739001.csv,B39F0739,39F-0739001,174210.0,439540.0,749.0,526.0,426.0
B39F0739002_1028_39F-0739002.csv,B39F0739,39F-0739002,174210.0,439540.0,749.0,-461.0,-661.0
B39F0739003_1028_39F-0739003.csv,B39F0739,39F-0739003,174210.0,439540.0,749.0,-3882.0,-4082.0
B39F0740001_1033_39F-0740001.csv,B39F0740,39F-0740001,177085.78,437712.9,755.0,547.0,447.0
B39F0740002_1033_39F-0740002.csv,B39F0740,39F-0740002,177085.78,437712.9,755.0,-47.0,-247.0
B39F0740003_1033_39F-0740003.csv,B39F0740,39F-0740003,177085.78,437712.9,755.0,-3505.0,-3705.0
B39F0741001_1033_39F-0741001.csv,B39F0741,39F-0741001,177261.93,438604.88,829.0,230.0,130.0
B39F0741002_1033_39F-0741002.csv,B39F0741,39F-0741002,177261.93,438604.88,829.0,-1111.0,-1311.0
B39F0741003_1033_39F-0741003.csv,B39F0741,39F-0741003,177261.93,438604.88,829.0,-3472.0,-3672.0
B39F0742001_1033_39F-0742001.csv,B39F0742,39F-0742001,178041.4,438183.6,812.0,14.0,-186.0
B39F0742002_1033_39F-0742002.csv,B39F0742,39F-0742002,178041.4,438183.6,812.0,-3543.0,-3743.0
B39F0743001_1031_39F-0743001.csv,B39F0743,39F-0743001,176690.66,440514.49,794.1,581.1,481.1
B39F0743002_1031_39F-0743002.csv,B39F0743,39F-0743002,176690.66,440514.49,794.1,-1033.9,-1233.9
B39F0743003_1031_39F-0743003.csv,B39F0743,39F-0743003,176690.66,440514.49,794.1,-3794.9,-3994.9
B39F0744001_1021_39F-0744001.csv,B39F0744,39F-0744001,178540.0,440560.0,769.6,576.6,476.6
B39F0744002_1021_39F-0744002.csv,B39F0744,39F-0744002,178540.0,440560.0,769.6,-206.4,-406.4
B39F0744003_1021_39F-0744003.csv,B39F0744,39F-0744003,178540.0,440560.0,769.6,-3718.4,-3918.4
B39F0745001_1021_39F-0745001.csv,B39F0745,39F-0745001,179133.95,438008.51,765.8,258.8,158.8
B39F0745002_1021_39F-0745002.csv,B39F0745,39F-0745002,179133.95,438008.51,765.8,-1888.2,-1988.2
B39F0745003_1021_39F-0745003.csv,B39F0745,39F-0745003,179133.95,438008.51,765.8,-6037.2,-6237.2
B39F0745004_1021_39F-0745-4.csv,B39F0745,39F-0745-4,179250.0,438060.0,765.8,-6927.2,-7227.2
B39F0746001_1033_39F-0746001.csv,B39F0746,39F-0746001,174525.0,438160.0,709.0,558.0,458.0
B39F0746002_1033_39F-0746002.csv,B39F0746,39F-0746002,174525.0,438160.0,709.0,-84.0,-284.0
B39F0747001_1031_39F-0747001.csv,B39F0747,39F-0747001,175456.7,438145.9,751.0,608.0,508.0
B39F0747002_1031_39F-0747002.csv,B39F0747,39F-0747002,175456.7,438145.9,751.0,-34.0,-234.0
B39F0748001_1033_39F-0748001.csv,B39F0748,39F-0748001,175972.8,438208.8,719.0,570.0,470.0
B39F0748002_1033_39F-0748002.csv,B39F0748,39F-0748002,175972.8,438208.8,719.0,-80.0,-280.0
B39F0749001_1033_39F-0749001.csv,B39F0749,39F-0749001,176042.17,437879.73,717.0,518.0,418.0
B39F0749002_1033_39F-0749002.csv,B39F0749,39F-0749002,176042.17,437879.73,717.0,-74.0,-274.0
B39F0750001_1033_39F-0750001.csv,B39F0750,39F-0750001,176300.0,438700.0,756.0,551.0,451.0
B39F0750002_1033_39F-0750002.csv,B39F0750,39F-0750002,176300.0,438700.0,756.0,-33.0,-233.0
B39F0751001_1021_39F-0751001.csv,B39F0751,39F-0751001,178240.0,439730.0,736.6,529.6,429.6
B39F0751002_1021_39F-0751002.csv,B39F0751,39F-0751002,178240.0,439730.0,736.6,-71.4,-271.4
B39F0752001_1031_39F-0752001.csv,B39F0752,39F-0752001,176408.87,438110.2,788.0,592.0,492.0
B39F0752002_1031_39F-0752002.csv,B39F0752,39F-0752002,176408.87,438110.2,788.0,-15.0,-215.0
B39F0753001_1021_39F-0753001.csv,B39F0753,39F-0753001,179816.68,438183.65,741.5,548.5,448.5
B39F0753002_1021_39F-0753002.csv,B39F0753,39F-0753002,179816.68,438183.65,741.5,23.5,-176.5
B39F0754001_1021_39F-0754001.csv,B39F0754,39F-0754001,179885.0,437900.0,756.0,578.0,478.0
B39F0754002_1021_39F-0754002.csv,B39F0754,39F-0754002,179885.0,437900.0,756.0,-25.0,-225.0
B39F0777001_1033_B39F0777001.csv,B39F0777,B39F0777001,177268.61,438572.86,717.0,500.0,450.0
B39F0802001_1021_39FL0061001.csv,B39F0802,39FL0061001,179730.0,440420.0,782.5,669.5,569.5
B39F0807001_1021_39FL0578001.csv,B39F0807,39FL0578001,179985.54,439591.97,706.0,497.0,405.0
B39F2948001_1034_39F-2948001.csv,B39F2948,39F-2948001,176989.0,440582.0,843.0,749.0,649.0
B39F2948002_1034_39F-2948002.csv,B39F2948,39F-2948002,176989.0,440582.0,843.0,560.0,450.0
B39F2949001_1034_39F-2949001.csv,B39F2949,39F-2949001,177397.0,439613.0,753.0,516.0,416.0
B39F2950001_1031_39F-2950001.csv,B39F2950,39F-2950001,177405.2,438264.86,784.0,529.0,429.0
B39F2950002_1031_39F-2950002.csv,B39F2950,39F-2950002,177405.2,438264.86,784.0,273.0,173.0
B39F2951001_1034_39F-2951001.csv,B39F2951,39F-2951001,179737.0,441252.0,796.0,603.0,503.0
B39F2951002_1034_39F-2951002.csv,B39F2951,39F-2951002,179737.0,441252.0,796.0,412.0,312.0
B39F2952001_1034_39F-2952001.csv,B39F2952,39F-2952001,177745.1,437977.0,769.0,492.0,392.0
B39F2953001_1034_39F-2953001.csv,B39F2953,39F-2953001,179448.18,441079.56,819.0,673.0,573.0
B39F2953002_1034_39F-2953002.csv,B39F2953,39F-2953002,179448.18,441079.56,819.0,523.0,423.0
B39F2954001_1034_39F-2954001.csv,B39F2954,39F-2954001,179060.09,441143.8,816.0,668.0,568.0
B39F2954002_1034_39F-2954002.csv,B39F2954,39F-2954002,179060.09,441143.8,816.0,497.0,397.0
B39F2955001_1034_39F-2955001.csv,B39F2955,39F-2955001,179942.6156,440757.4675,805.0,603.0,503.0
B39F2964001_1036_39F-2964001.csv,B39F2964,39F-2964001,171250.03,438028.63,742.0,551.0,451.0
B39F2965001_1036_39F-2965001.csv,B39F2965,39F-2965001,171536.58,437891.14,645.0,451.0,351.0
B39F2966001_1036_39F-2966001.csv,B39F2966,39F-2966001,172008.35,438124.64,705.0,505.0,405.0
B39F2966002_1036_39F-2966002.csv,B39F2966,39F-2966002,172008.35,438124.64,705.0,274.0,174.0
B39F2967001_1036_39F-2967001.csv,B39F2967,39F-2967001,172437.58,438002.57,717.0,471.0,371.0
B39F2968001_1036_39F-2968001.csv,B39F2968,39F-2968001,171920.08,438383.71,694.0,481.0,381.0
B39F2968002_1036_39F-2968002.csv,B39F2968,39F-2968002,171920.08,438383.71,694.0,51.0,-49.0
B39F2969001_1031_39F-2969001.csv,B39F2969,39F-2969001,172058.71,437759.68,680.0,523.0,423.0
B39F2969002_1031_39F-2969002.csv,B39F2969,39F-2969002,172058.71,437759.68,680.0,253.0,153.0
B39G0288001_1028_39GP0076001.csv,B39G0288,39GP0076001,169050.0,436430.0,595.0,403.0,295.0
B39G0288002_1028_39GP0076002.csv,B39G0288,39GP0076002,169050.0,436430.0,595.0,-297.0,-405.0
B39G2551001_1036_39G-2551001.csv,B39G2551,39G-2551001,167178.27,435411.18,700.0,421.0,321.0
B39G2552001_1036_39G-2552001.csv,B39G2552,39G-2552001,167561.76,435356.94,686.0,404.0,304.0
B39G2553001_1036_39G-2553001.csv,B39G2553,39G-2553001,167765.36,435638.5,645.0,455.0,355.0
B39G2553002_1036_39G-2553002.csv,B39G2553,39G-2553002,167765.36,435638.5,645.0,157.0,57.0
B39G2554001_1036_39G-2554001.csv,B39G2554,39G-2554001,167813.32,436024.56,635.0,431.0,331.0
B39G2555001_1036_39G-2555001.csv,B39G2555,39G-2555001,167706.57,436268.99,627.0,410.0,310.0
B39G2556001_1036_39G-2556001.csv,B39G2556,39G-2556001,167099.38,435739.19,690.0,461.0,361.0
B39G2557001_1036_39G-2557001.csv,B39G2557,39G-2557001,167443.49,436486.61,651.0,504.0,404.0
B39G2564001_1036_39G-2564001.csv,B39G2564,39G-2564001,167592.54,435914.65,625.0,425.0,325.0
B39G2564002_1036_39G-2564002.csv,B39G2564,39G-2564002,167592.54,435914.65,625.0,179.0,79.0
B39H0380001_1031_39H-0380001.csv,B39H0380,39H-0380001,174781.7,437100.5,734.0,46.0,-54.0
B39H0380002_1031_39H-0380002.csv,B39H0380,39H-0380002,174781.7,437100.5,734.0,-1554.0,-1754.0
B39H0380003_1031_39H-0380003.csv,B39H0380,39H-0380003,174781.7,437100.5,734.0,-3053.0,-3253.0
B39H0381001_1028_39H-0381001.csv,B39H0381,39H-0381001,176130.0,435580.0,760.0,340.0,240.0
B39H0381002_1028_39H-0381002.csv,B39H0381,39H-0381002,176130.0,435580.0,760.0,-534.0,-734.0
B39H0381003_1028_39H-0381003.csv,B39H0381,39H-0381003,176130.0,435580.0,760.0,-3122.0,-3322.0
B39H0382001_1021_39H-0382001.csv,B39H0382,39H-0382001,179430.0,437080.0,738.9,509.9,409.9
B39H0382002_1021_39H-0382002.csv,B39H0382,39H-0382002,179430.0,437080.0,738.9,-1052.1,-1252.1
B39H0382003_1021_39H-0382003.csv,B39H0382,39H-0382003,179430.0,437080.0,738.9,-3627.1,-3827.1
B39H0383001_1028_39H-0383001.csv,B39H0383,39H-0383001,179795.0,434815.0,817.0,3.0,
B39H0383002_1028_39H-0383002.csv,B39H0383,39H-0383002,179795.0,434815.0,817.0,-882.0,-1082.0
B39H0383003_1028_39H-0383003.csv,B39H0383,39H-0383003,179795.0,434815.0,817.0,-3579.0,-3779.0
B39H0384001_1033_39H-0384001.csv,B39H0384,39H-0384001,176081.387,437034.7004,713.0,509.0,409.0
B39H0384002_1033_39H-0384002.csv,B39H0384,39H-0384002,176081.387,437034.7004,713.0,-81.0,-281.0
B39H0385001_1033_39H-0385001.csv,B39H0385,39H-0385001,177450.0,436880.0,794.0,589.0,489.0
B39H0385002_1033_39H-0385002.csv,B39H0385,39H-0385002,177450.0,436880.0,794.0,-99.0,-299.0
B39H0386001_1028_39H-0386001.csv,B39H0386,39H-0386001,177600.0,436060.0,746.0,539.0,439.0
B39H0386002_1028_39H-0386002.csv,B39H0386,39H-0386002,177600.0,436060.0,746.0,-60.0,-260.0
B39H0387001_1028_39H-0387001.csv,B39H0387,39H-0387001,179645.0,436080.0,775.0,562.0,462.0
B39H0387002_1028_39H-0387002.csv,B39H0387,39H-0387002,179645.0,436080.0,775.0,-56.0,-256.0
B39H0388001_1021_39H-0388001.csv,B39H0388,39H-0388001,178624.94,437431.23,745.6,547.6,447.6
B39H0388002_1021_39H-0388002.csv,B39H0388,39H-0388002,178624.94,437431.23,745.6,-63.4,-263.4
B39H3454001_1034_39H-3454001.csv,B39H3454,39H-3454001,177978.59,437047.87,785.0,638.0,538.0
B39H3454002_1034_39H-3454002.csv,B39H3454,39H-3454002,177978.59,437047.87,785.0,387.0,287.0
B39H3455001_1034_39H-3455001.csv,B39H3455,39H-3455001,178463.26,436636.04,768.0,620.0,520.0
B39H3456001_1031_39H-3456001.csv,B39H3456,39H-3456001,177115.09,437345.89,803.0,600.0,500.0
B39H3456002_1031_39H-3456002.csv,B39H3456,39H-3456002,177115.09,437345.89,803.0,399.0,299.0
B39H3457001_1034_39H-3457001.csv,B39H3457,39H-3457001,177276.0,436111.0,800.0,636.0,536.0
B39H3457002_1034_39H-3457002.csv,B39H3457,39H-3457002,177276.0,436111.0,800.0,305.0,205.0
B39H3458001_1034_39H-3458001.csv,B39H3458,39H-3458001,178506.0,435742.0,775.0,574.0,474.0
B39H3459001_1034_39H-3459001.csv,B39H3459,39H-3459001,179524.0,435658.0,782.0,631.0,531.0
B39H3460001_1034_39H-3460001.csv,B39H3460,39H-3460001,179497.0,434758.0,814.0,614.0,514.0
B39H3461001_1031_39H-3461001.csv,B39H3461,39H-3461001,177853.12,437292.0,782.7,752.7,652.7
B39H3461002_1031_39H-3461002.csv,B39H3461,39H-3461002,177853.12,437292.0,782.7,332.7,232.7
B39H3484001_1036_39H-3484001.csv,B39H3484,39H-3484001,173364.0,435516.0,744.0,579.0,479.0
B39H3485001_1036_39H-3485001.csv,B39H3485,39H-3485001,173348.0,435780.0,757.0,620.0,520.0
B39H3485002_1036_39H-3485002.csv,B39H3485,39H-3485002,173348.0,435780.0,757.0,424.0,324.0
B39H3486001_1036_39H-3486001.csv,B39H3486,39H-3486001,173854.29,435996.83,723.0,532.0,432.0
B39H3487001_1031_39H-3487001.csv,B39H3487,39H-3487001,173672.36,436439.42,666.0,460.0,360.0
B39H3488001_1031_39H-3488001.csv,B39H3488,39H-3488001,173171.64,436766.04,690.0,563.0,463.0
B39H3488002_1031_39H-3488002.csv,B39H3488,39H-3488002,173171.64,436766.04,690.0,456.0,356.0
B39H3489001_1036_39H-3489001.csv,B39H3489,39H-3489001,173087.34,436095.09,701.0,558.0,458.0
B39H3489002_1036_39H-3489002.csv,B39H3489,39H-3489002,173087.34,436095.09,701.0,312.0,212.0
B40A0214001_1020_40AP0214001.csv,B40A0214,40AP0214001,183530.0,439710.0,800.0,-1910.0,-2010.0
B40A0214002_1020_40AP0214002.csv,B40A0214,40AP0214002,183530.0,439710.0,800.0,-3810.0,-3910.0
B40A0215001_1020_40AP0215001.csv,B40A0215,40AP0215001,183480.0,439810.0,815.0,-1885.0,-1985.0
B40A0219001_1020_40AP0219001.csv,B40A0219,40AP0219001,183639.0,439683.0,774.0,-1626.0,-1726.0
B40A0314001_1020_40AP0314001.csv,B40A0314,40AP0314001,182722.55,439346.5,832.0,432.0,332.0
B40A0400001_1020_40AP0400001.csv,B40A0400,40AP0400001,183258.0,439652.0,800.0,300.0,100.0
B40A0400002_1020_40AP0400-2.csv,B40A0400,40AP0400-2,183258.0,439652.0,800.0,-1200.0,-1400.0
B40A0400003_1020_40AP0400003.csv,B40A0400,40AP0400003,183258.0,439652.0,800.0,-3800.0,-4000.0
B40A0400005_1020_40AP0400005.csv,B40A0400,40AP0400005,183258.0,439652.0,800.0,-8200.0,-8400.0
B40A0400007_1020_40AP0400007.csv,B40A0400,40AP0400007,183258.0,439652.0,800.0,-13600.0,-13800.0
B40A0400008_1020_40AP0400008.csv,B40A0400,40AP0400008,183258.0,439652.0,800.0,-18100.0,-18300.0
B40A0422001_1021_40AP0422001.csv,B40A0422,40AP0422001,181871.92,438508.64,791.6,-808.4,-1008.4
B40A0422002_1021_40AP0422002.csv,B40A0422,40AP0422002,181871.92,438508.64,791.6,-4608.4,-4808.4
B40A0423001_1021_40AP0423001.csv,B40A0423,40AP0423001,182099.86,441080.51,1090.7,90.7,-109.3
B40A0423004_1021_40AP0423004.csv,B40A0423,40AP0423004,182099.86,441080.51,1090.7,-6509.3,-6709.3
B40A0439001_1020_40AP0439001.csv,B40A0439,40AP0439001,189530.38,438743.75,885.0,224.0,124.0
B40A0439002_1020_40AP0439002.csv,B40A0439,40AP0439002,189530.38,438743.75,885.0,-705.0,-805.0
B40A0439003_1020_40AP0439003.csv,B40A0439,40AP0439003,189530.38,438743.75,885.0,-5305.0,-5405.0
B40A0439004_1020_40AP0439004.csv,B40A0439,40AP0439004,189530.38,438743.75,885.0,-6905.0,-7005.0
B40A0441001_1029_40AP0441001.csv,B40A0441,40AP0441001,189493.2,440824.3,992.1,-1009.9,-1109.9
B40A0441002_1029_40AP0441002.csv,B40A0441,40AP0441002,189493.2,440824.3,992.1,-3109.9,-3209.9
B40A0441003_1029_40AP0441003.csv,B40A0441,40AP0441003,189493.2,440824.3,992.1,-4909.9,-5009.9
B40A0442001_1029_40AP0442001.csv,B40A0442,40AP0442001,188300.0,440500.0,859.2,-1373.8,-1473.8
B40A0442002_1029_40AP0442002.csv,B40A0442,40AP0442002,188300.0,440500.0,859.2,-3427.8,-3527.8
B40A0442003_1029_40AP0442003.csv,B40A0442,40AP0442003,188300.0,440500.0,859.2,-5029.8,-5129.8
B40A0443001_1029_40AP0443001.csv,B40A0443,40AP0443001,188135.4,442111.6,925.2,-1082.8,-1182.8
B40A0443002_1029_40AP0443002.csv,B40A0443,40AP0443002,188135.4,442111.6,925.2,-3082.8,-3182.8
B40A0443003_1029_40AP0443003.csv,B40A0443,40AP0443003,188135.4,442111.6,925.2,-5082.8,-5182.8
B40A0534001_1021_40AP0534001.csv,B40A0534,40AP0534001,183034.343,437893.3631,851.5,-248.5,-340.5
B40A0534002_1021_40AP0534002.csv,B40A0534,40AP0534002,183034.343,437893.3631,851.5,-3746.5,-3838.5
B40A0535001_1021_40AP0535001.csv,B40A0535,40AP0535001,182645.13,438754.24,780.9,-1134.1,-1226.1
B40A0535002_1021_40AP0535002.csv,B40A0535,40AP0535002,182645.13,438754.24,780.9,-3938.1,-4030.1
B40A0538001_1021_40AP0538001.csv,B40A0538,40AP0538001,181010.0,437730.0,775.2,250.2,158.2
B40A0538003_1021_40AP0538003.csv,B40A0538,40AP0538003,181010.0,437730.0,775.2,-3848.8,-3940.8
B40A0562001_1021_40AP0562001.csv,B40A0562,40AP0562001,183297.7,441101.03,879.4,381.4,172.4
B40A0603001_1020_40AP0024001.csv,B40A0603,40AP0024001,182866.05,439537.1,789.0,639.0,539.0
B40A0603002_1020_40AP0024002.csv,B40A0603,40AP0024002,182866.05,439537.1,789.0,339.0,239.0
B40A0606001_1020_40AP0031001.csv,B40A0606,40AP0031001,183469.4,439857.2,786.0,223.0,123.0
B40A0608001_1020_40AP0035001.csv,B40A0608,40AP0035001,184760.0,439390.0,804.0,629.0,529.0
B40A0608002_1020_40AP0035002.csv,B40A0608,40AP0035002,184760.0,439390.0,804.0,344.0,244.0
B40A0609001_1020_40AP0038001.csv,B40A0609,40AP0038001,185480.0,439530.0,868.0,718.0,618.0
B40A0609002_1020_40AP0038002.csv,B40A0609,40AP0038002,185480.0,439530.0,868.0,418.0,318.0
B40A0611001_1031_40AP0042001.csv,B40A0611,40AP0042001,184033.41,438078.76,822.9,467.9,367.9
B40A0611002_1031_40AP0042002.csv,B40A0611,40AP0042002,184033.41,438078.76,822.9,372.9,272.9
B40A0613001_1020_40AP0053001.csv,B40A0613,40AP0053001,185250.0,438270.0,841.0,691.0,591.0
B40A0613002_1020_40AP0053002.csv,B40A0613,40AP0053002,185250.0,438270.0,841.0,441.0,341.0
B40A0614001_1020_40AP0054001.csv,B40A0614,40AP0054001,187590.0,439410.0,941.0,698.0,598.0
B40A0617001_1029_40AP9006001.csv,B40A0617,40AP9006001,189772.1,440052.0,915.2,315.2,215.2
B40A0620001_1020_40AP0620001.csv,B40A0620,40AP0620001,188201.0,437900.0,894.0,101.0,1.0
B40A0620002_1020_40AP0620002.csv,B40A0620,40AP0620002,188201.0,437900.0,894.0,-1304.0,-1404.0
B40A0620003_1020_40AP0620003.csv,B40A0620,40AP0620003,188201.0,437900.0,894.0,-4762.0,-4862.0
B40A0621001_1021_40A-0621001.csv,B40A0621,40A-0621001,183767.48,438616.05,759.9,558.9,458.9
B40A0621002_1021_40A-0621002.csv,B40A0621,40A-0621002,183767.48,438616.05,759.9,-748.1,-948.1
B40A0621003_1021_40A-0621003.csv,B40A0621,40A-0621003,183767.48,438616.05,759.9,-3512.1,-3712.1
B40A0632001_1020_40AL0021001.csv,B40A0632,40AL0021001,185480.0,437540.0,835.0,585.0,535.0
B40A0643001_1020_40AL0036001.csv,B40A0643,40AL0036001,185220.0,439020.0,849.0,749.0,649.0
B40A0644001_1020_40AL0037001.csv,B40A0644,40AL0037001,185220.0,439020.0,849.0,514.0,414.0
B40A0649001_1021_40AL0045001.csv,B40A0649,40AL0045001,183070.99,437851.16,852.0,472.0,372.0
B40A0650001_1021_40AL0046001.csv,B40A0650,40AL0046001,181866.1,438501.76,784.3,644.3,544.3
B40A0651001_1021_40AL0047001.csv,B40A0651,40AL0047001,182120.16,441081.07,1073.5,898.5,798.5
B40A0662001_1020_40AL0400001.csv,B40A0662,40AL0400001,183262.0,439671.0,808.0,673.0,573.0
B40A0663001_1020_40AL0416001.csv,B40A0663,40AL0416001,189455.0,438730.0,871.0,634.0,534.0
B40A0664001_1021_40AL0535001.csv,B40A0664,40AL0535001,182644.82,438754.43,778.6,677.6,585.6
B40A0666001_1021_40AL0538001.csv,B40A0666,40AL0538001,181015.0,437730.0,773.0,660.0,568.0
B40A0681001_1020_40A-0681001.csv,B40A0681,40A-0681001,184648.39,439773.62,788.0,799.0,599.0
B40A0681002_1020_40A-0681002.csv,B40A0681,40A-0681002,184648.39,439773.62,788.0,438.0,238.0
B40A0683001_1020_40A-0683001.csv,B40A0683,40A-0683001,185360.0,440260.0,843.0,791.0,591.0
B40A0683002_1020_40A-0683002.csv,B40A0683,40A-0683002,185360.0,440260.0,843.0,476.0,276.0
B40A0684001_1021_40A-0684001.csv,B40A0684,40A-0684001,182800.35,438349.39,824.4,413.4,213.4
B40A0685001_1031_40A-0685001.csv,B40A0685,40A-0685001,184574.0,440190.0,813.0,760.0,560.0
B40A0685002_1031_40A-0685002.csv,B40A0685,40A-0685002,184574.0,440190.0,813.0,386.0,186.0
B40A0686001_1021_40A-0686001.csv,B40A0686,40A-0686001,182653.2,440313.8,778.7,716.7,516.7
B40A0686002_1021_40A-0686002.csv,B40A0686,40A-0686002,182653.2,440313.8,778.7,341.7,141.7
B40A0687001_1021_40A-0687001.csv,B40A0687,40A-0687001,182047.55,440522.56,806.0,739.0,539.0
B40A0687002_1021_40A-0687002.csv,B40A0687,40A-0687002,182047.55,440522.56,806.0,355.0,155.0
B40A0689001_1021_40A-0689001.csv,B40A0689,40A-0689001,180224.35,440900.34,799.0,343.0,143.0
B40A2135001_1031_40A-2135001.csv,B40A2135,40A-2135001,184336.0,441237.0,863.0,759.0,659.0
B40A2135002_1031_40A-2135002.csv,B40A2135,40A-2135002,184336.0,441237.0,863.0,407.0,307.0
B40A2136001_1035_40A-2136001.csv,B40A2136,40A-2136001,183927.0,441436.0,928.0,856.0,756.0
B40A2136002_1035_40A-2136002.csv,B40A2136,40A-2136002,183927.0,441436.0,928.0,705.0,605.0
B40A2137001_1034_40A-2137001.csv,B40A2137,40A-2137001,180690.0,440502.0,791.0,686.0,586.0
B40A2137002_1034_40A-2137002.csv,B40A2137,40A-2137002,180690.0,440502.0,791.0,335.0,235.0
B40A2138001_1035_40A-2138001.csv,B40A2138,40A-2138001,186971.0,437636.0,906.0,718.0,618.0
B40A2139001_1031_40A-2139001.csv,B40A2139,40A-2139001,184424.0,440917.0,878.0,787.0,687.0
B40A2139002_1031_40A-2139002.csv,B40A2139,40A-2139002,184424.0,440917.0,878.0,536.0,436.0
B40A2141001_1034_40A-2141001.csv,B40A2141,40A-2141001,180394.0,439485.0,725.0,733.0,633.0
B40A2141002_1034_40A-2141002.csv,B40A2141,40A-2141002,180394.0,439485.0,725.0,431.0,331.0
B40A2159002_1031_40A-2159002.csv,B40A2159,40A-2159002,184820.0,441730.0,897.0,157.0,-43.0
B40A2159003_1031_40A-2159003.csv,B40A2159,40A-2159003,184820.0,441730.0,897.0,-3145.0,-3345.0
B40A2160001_1031_40A-2160001.csv,B40A2160,40A-2160001,183770.0,439700.0,801.0,690.0,490.0
B40A2160002_1031_40A-2160002.csv,B40A2160,40A-2160002,183770.0,439700.0,801.0,-486.0,-686.0
B40A2160003_1031_40A-2160003.csv,B40A2160,40A-2160003,183770.0,439700.0,801.0,-3377.0,-3577.0
B40A2161001_1021_40A-2161001.csv,B40A2161,40A-2161001,183410.346,439336.219,772.3,286.3,86.3
B40A2161002_1021_40A-2161002.csv,B40A2161,40A-2161002,183410.346,439336.219,772.3,-512.7,-712.7
B40A2161003_1021_40A-2161003.csv,B40A2161,40A-2161003,183410.346,439336.219,772.3,-3507.7,-3707.7
B40B0303001_1029_40BP0303001.csv,B40B0303,40BP0303001,191038.6,440517.1,1008.9,-1388.1,-1588.1
B40B0303002_1029_40BP0303002.csv,B40B0303,40BP0303002,191038.6,440517.1,1008.9,-4188.1,-4388.1
B40B0303003_1029_40BP0303003.csv,B40B0303,40BP0303003,191038.6,440517.1,1008.9,-5688.1,-5888.1
B40B0303004_1029_40BP0303004.csv,B40B0303,40BP0303004,191038.6,440517.1,1008.9,-9188.1,-9388.1
B40B0303005_1029_40BP0303005.csv,B40B0303,40BP0303005,191038.6,440517.1,1008.9,-11388.1,-11588.1
B40B0310001_1029_40BP0310001.csv,B40B0310,40BP0310001,191007.3,440445.4,1019.2,719.2,519.2
B40B0310002_1029_40BP0310002.csv,B40B0310,40BP0310002,191007.3,440445.4,1019.2,-3180.8,-3380.8
B40B0310003_1029_40BP0310003.csv,B40B0310,40BP0310003,191007.3,440445.4,1019.2,-4780.8,-4980.8
B40B0311001_1029_40BP0311001.csv,B40B0311,40BP0311001,190987.8,440399.1,1083.8,787.8,587.8
B40B0311002_1029_40BP0311002.csv,B40B0311,40BP0311002,190987.8,440399.1,1083.8,-3112.2,-3312.2
B40B0311003_1029_40BP0311003.csv,B40B0311,40BP0311003,190987.8,440399.1,1083.8,-4212.2,-4412.2
B40B0338001_1029_40BP0338001.csv,B40B0338,40BP0338001,192002.4,441109.8,1082.0,-1224.0,-1324.0
B40B0338002_1029_40BP0338002.csv,B40B0338,40BP0338002,192002.4,441109.8,1082.0,-3224.0,-3324.0
B40B0338003_1029_40BP0338003.csv,B40B0338,40BP0338003,192002.4,441109.8,1082.0,-5024.0,-5124.0
B40B0339001_1029_40BP0339001.csv,B40B0339,40BP0339001,192166.0,438557.0,969.5,157.5,57.5
B40B0341001_1029_40BP0341001.csv,B40B0341,40BP0341001,191687.8,439610.6,1008.8,-998.2,-1098.2
B40B0341002_1029_40BP0341002.csv,B40B0341,40BP0341002,191687.8,439610.6,1008.8,-2998.2,-3098.2
B40B0341003_1029_40BP0341003.csv,B40B0341,40BP0341003,191687.8,439610.6,1008.8,-4998.2,-5098.2
B40B0342001_1029_40BP0342001.csv,B40B0342,40BP0342001,191347.9,440136.2,1087.0,-951.0,-1051.0
B40B0342002_1029_40BP0342002.csv,B40B0342,40BP0342002,191347.9,440136.2,1087.0,-3071.0,-3171.0
B40B0342003_1029_40BP0342003.csv,B40B0342,40BP0342003,191347.9,440136.2,1087.0,-4858.0,-4958.0
B40B0343001_1029_40BP0343001.csv,B40B0343,40BP0343001,190662.1,439929.4,1037.9,-1012.1,-1112.1
B40B0343002_1029_40BP0343002.csv,B40B0343,40BP0343002,190662.1,439929.4,1037.9,-3012.1,-3112.1
B40B0343003_1029_40BP0343003.csv,B40B0343,40BP0343003,190662.1,439929.4,1037.9,-5012.1,-5112.1
B40B0349001_1029_40BP0349001.csv,B40B0349,40BP0349001,191680.2,440429.8,1011.3,508.3,308.3
B40B0349002_1029_40BP0349002.csv,B40B0349,40BP0349002,191680.2,440429.8,1011.3,-2991.7,-3191.7
B40B0349003_1029_40BP0349003.csv,B40B0349,40BP0349003,191680.2,440429.8,1011.3,-6491.7,-6691.7
B40B0349004_1029_40BP0349004.csv,B40B0349,40BP0349004,191680.2,440429.8,1011.3,-11491.7,-11691.7
B40B0349005_1029_40BP0349005.csv,B40B0349,40BP0349005,191680.2,440429.8,1011.3,-12491.7,-12691.7
B40B0376001_1029_40BP0376001.csv,B40B0376,40BP0376001,192124.5,439980.7,1008.9,478.9,278.9
B40B0376003_1029_40BP0376003.csv,B40B0376,40BP0376003,192124.5,439980.7,1008.9,-6221.1,-6421.1
B40B0376005_1029_40BP0376005.csv,B40B0376,40BP0376005,192124.5,439980.7,1008.9,-11021.1,-11221.1
B40B0378001_1029_40BP0378001.csv,B40B0378,40BP0378001,191381.6,442141.2,1086.0,405.0,205.0
B40B0378003_1029_40BP0378003.csv,B40B0378,40BP0378003,191381.6,442141.2,1086.0,-4695.0,-4895.0
B40B0378005_1029_40BP0378005.csv,B40B0378,40BP0378005,191381.6,442141.2,1086.0,-11495.0,-11695.0
B40B0379001_1020_40BP0379001.csv,B40B0379,40BP0379001,191075.0,437850.0,941.0,346.0,146.0
B40B0379003_1020_40BP0379003.csv,B40B0379,40BP0379003,191075.0,437850.0,941.0,-4854.0,-5054.0
B40B0379004_1020_40BP0379004.csv,B40B0379,40BP0379004,191075.0,437850.0,941.0,-9254.0,-9454.0
B40B0413001_1029_40BP0413001.csv,B40B0413,40BP0413001,191507.8,441185.2,1082.8,-817.2,-1017.2
B40B0413002_1029_40BP0413002.csv,B40B0413,40BP0413002,191507.8,441185.2,1082.8,-2417.2,-2617.2
B40B0413004_1029_40BP0413004.csv,B40B0413,40BP0413004,191507.8,441185.2,1082.8,-6017.2,-6217.2
B40B0415001_1031_40BP0415001.csv,B40B0415,40BP0415001,190155.0,440140.0,979.1,279.1,79.1
B40B0415004_1031_40BP0415004.csv,B40B0415,40BP0415004,190155.0,440140.0,979.1,-5420.9,-5620.9
B40B0417001_1029_40BP0417001.csv,B40B0417,40BP0417001,191392.9,440429.5,1012.7,512.7,312.7
B40B0417004_1029_40BP0417004.csv,B40B0417,40BP0417004,191392.9,440429.5,1012.7,-5287.3,-5487.3
B40B0419001_1029_40BP0419001.csv,B40B0419,40BP0419001,191829.4,442249.2,1057.0,-178.0,-378.0
B40B0419002_1029_40BP0419002.csv,B40B0419,40BP0419002,191829.4,442249.2,1057.0,-1478.0,-1678.0
B40B0419004_1029_40BP0419004.csv,B40B0419,40BP0419004,191829.4,442249.2,1057.0,-6178.0,-6378.0
B40B0420001_1029_40BP0420001.csv,B40B0420,40BP0420001,192943.5,438896.1,1043.4,243.4,43.4
B40B0422001_1031_40BP0422001.csv,B40B0422,40BP0422001,190418.8,441992.6,1025.7,25.7,-174.3
B40B0422004_1031_40BP0422004.csv,B40B0422,40BP0422004,190418.8,441992.6,1025.7,-5974.3,-6174.3
B40B0433001_1029_40BP0433001.csv,B40B0433,40BP0433001,192528.1,440952.5,1132.1,-267.9,-467.9
B40B0433004_1029_40BP0433004.csv,B40B0433,40BP0433004,192528.1,440952.5,1132.1,-5267.9,-5467.9
B40B0434001_1029_40BP0434001.csv,B40B0434,40BP0434001,193148.6,439466.7,1040.9,-459.1,-659.1
B40B0434003_1029_40BP0434003.csv,B40B0434,40BP0434003,193148.6,439466.7,1040.9,-3059.1,-3259.1
B40B0434005_1029_40BP0434005.csv,B40B0434,40BP0434005,193148.6,439466.7,1040.9,-5959.1,-6159.1
B40B0441001_1031_40BP0441001.csv,B40B0441,40BP0441001,190350.0,439600.0,939.7,337.7,237.7
B40B0441005_1031_40BP0441005.csv,B40B0441,40BP0441005,190350.0,439600.0,939.7,-10144.3,-10244.3
B40B0441006_1031_40BP0441006.csv,B40B0441,40BP0441006,190350.0,439600.0,939.7,-12125.3,-12225.3
B40B0443001_1020_40BP0443001.csv,B40B0443,40BP0443001,190680.0,437760.0,889.0,376.0,276.0
B40B0443002_1020_40BP0443002.csv,B40B0443,40BP0443002,190680.0,437760.0,889.0,-517.0,-717.0
B40B0443006_1020_40BP0443006.csv,B40B0443,40BP0443006,190680.0,437760.0,889.0,-5628.0,-5828.0
B40B0611001_1029_40BL9004001.csv,B40B0611,40BL9004001,191016.3,440467.5,1016.2,916.2,716.2
B40B1723001_1039_40B-1723001.csv,B40B1723,40B-1723001,193168.38,438018.8,1085.0,756.0,514.0
B40B1724002_1039_40B-1724002.csv,B40B1724,40B-1724002,191947.94,438278.7,1021.0,591.0,351.0
B40B1725001_1039_40B-1725001.csv,B40B1725,40B-1725001,193017.22,438626.4,1115.0,941.0,739.0
B40B1725002_1039_40B-1725002.csv,B40B1725,40B-1725002,193017.22,438626.4,1115.0,670.0,420.0
B40B1729001_1039_40B1729001.csv,B40B1729,40B1729001,192492.0,439624.0,1022.0,802.0,702.0
B40B1729002_1039_40B1729002.csv,B40B1729,40B1729002,192492.0,439624.0,1022.0,522.0,422.0
B40B1732001_1039_40B1732001.csv,B40B1732,40B1732001,192777.0,437889.0,1070.0,770.0,609.0
B40B1733001_1039_40B1733001.csv,B40B1733,40B1733001,192184.0,437629.0,1032.0,832.0,740.0
B40B1733002_1039_40B1733002.csv,B40B1733,40B1733002,192184.0,437629.0,1032.0,602.0,516.0
B40B2049001_1029_40BX0012001.csv,B40B2049,40BX0012001,191309.0,441030.0,1022.8,-297.2,-497.2
B40C0060001_1029_40CP0086001.csv,B40C0060,40CP0086001,188950.0,430970.0,997.2,-902.8,-1102.8
B40C0393001_1020_40CP0393001.csv,B40C0393,40CP0393001,189700.0,435300.0,930.0,130.0,-70.0
B40C0393002_1020_40CP0393002.csv,B40C0393,40CP0393002,189700.0,435300.0,930.0,-2270.0,-2470.0
B40C0393004_1020_40CP0393004.csv,B40C0393,40CP0393004,189700.0,435300.0,930.0,-9270.0,-9470.0
B40C0414001_1028_40CP0414001.csv,B40C0414,40CP0414001,184710.0,435500.0,847.0,347.0,247.0
B40C0414002_1028_40CP0414002.csv,B40C0414,40CP0414002,184710.0,435500.0,847.0,-753.0,-853.0
B40C0414003_1028_40CP0414003.csv,B40C0414,40CP0414003,184710.0,435500.0,847.0,-3353.0,-3453.0
B40C0421001_1028_40CP0421001.csv,B40C0421,40CP0421001,180240.0,435270.0,787.0,-113.0,-313.0
B40C0421003_1028_40CP0421003.csv,B40C0421,40CP0421003,180240.0,435270.0,787.0,-8913.0,-9113.0
B40C0439001_1029_40CP0439001.csv,B40C0439,40CP0439001,187454.9081,436855.6576,902.4,554.4,454.4
B40C0439002_1029_40CP0439002.csv,B40C0439,40CP0439002,187454.9081,436855.6576,902.4,-360.6,-460.6
B40C0439003_1029_40CP0439003.csv,B40C0439,40CP0439003,187454.9081,436855.6576,902.4,-2650.6,-2750.6
B40C0498001_1029_40CP0498001.csv,B40C0498,40CP0498001,187540.0,433480.0,948.9,706.9,606.9
B40C0519001_1029_40CP0012001.csv,B40C0519,40CP0012001,188193.2815,432241.7488,975.5,407.5,329.5
B40C0548001_1029_40CP0117001.csv,B40C0548,40CP0117001,188630.0,431490.0,994.4,456.4,356.4
B40C0549001_1031_40CX0549001.csv,B40C0549,40CX0549001,182826.9,436512.3,786.6,274.6,74.6
B40C0550001_1031_40C-0550001.csv,B40C0550,40C-0550001,181100.0,437100.0,776.2,565.2,465.2
B40C0550002_1031_40C-0550002.csv,B40C0550,40C-0550002,181100.0,437100.0,776.2,-529.8,-729.8
B40C0550003_1031_40C-0550003.csv,B40C0550,40C-0550003,181100.0,437100.0,776.2,-3489.8,-3689.8
B40C0551001_1031_40C-0551001.csv,B40C0551,40C-0551001,182110.0,436315.0,781.0,233.0,133.0
B40C0551002_1031_40C-0551002.csv,B40C0551,40C-0551002,182110.0,436315.0,781.0,-1987.0,-2187.0
B40C0551003_1031_40C-0551003.csv,B40C0551,40C-0551003,182110.0,436315.0,781.0,-3379.0,-3579.0
B40C0611001_1028_40CL0087001.csv,B40C0611,40CL0087001,180220.0,435270.0,777.0,747.0,647.0
B40C0612001_1028_40CL0088001.csv,B40C0612,40CL0088001,184700.0,435520.0,833.0,617.0,517.0
B40C3501001_1035_40C-3501001.csv,B40C3501,40C-3501001,187443.0,436132.0,898.0,578.0,478.0
B40C3502001_1035_40C-3502001.csv,B40C3502,40C-3502001,187287.0,437194.0,913.0,713.0,613.0
B40C3502002_1035_40C-3502002.csv,B40C3502,40C-3502002,187287.0,437194.0,913.0,413.0,313.0
B40C3503001_1035_40C-3503001.csv,B40C3503,40C-3503001,186749.0,436345.0,928.0,578.0,478.0
B40C3504001_1035_40C-3504001.csv,B40C3504,40C-3504001,185991.0,437290.0,897.0,752.0,652.0
B40C3504002_1035_40C-3504002.csv,B40C3504,40C-3504002,185991.0,437290.0,897.0,499.0,399.0
B40C3505001_1035_40C-3505001.csv,B40C3505,40C-3505001,185064.0,432165.0,972.0,669.0,569.0
B40C3506001_1035_40C-3506001.csv,B40C3506,40C-3506001,182673.0,433122.0,800.0,550.0,451.0
B40C3506002_1035_40C-3506002.csv,B40C3506,40C-3506002,182673.0,433122.0,800.0,399.0,299.0
B40C3507001_1035_40C-3507001.csv,B40C3507,40C-3507001,182492.0,436200.0,822.0,602.0,502.0
B40C3507002_1035_40C-3507002.csv,B40C3507,40C-3507002,182492.0,436200.0,822.0,380.0,280.0
B40C3508001_1035_40C-3508001.csv,B40C3508,40C-3508001,184864.0,432645.0,920.0,756.0,656.0
B40C3508002_1035_40C-3508002.csv,B40C3508,40C-3508002,184864.0,432645.0,920.0,266.0,166.0
B40C3509001_1035_40C-3509001.csv,B40C3509,40C-3509001,187721.0,435329.0,927.0,576.0,476.0
B40C3510001_1035_40C-3510001.csv,B40C3510,40C-3510001,187980.0,437079.0,942.0,804.0,704.0
B40C3510002_1035_40C-3510002.csv,B40C3510,40C-3510002,187980.0,437079.0,942.0,554.0,454.0
B40C3511001_1035_40C-3511001.csv,B40C3511,40C-3511001,184791.0,432258.0,933.0,636.0,536.0
B40C3512001_1035_40C-3512001.csv,B40C3512,40C-3512001,182437.0,435714.0,833.0,587.0,487.0
B40C3533001_1039_40C-3533001.csv,B40C3533,40C-3533001,188790.98,433958.17,968.0,844.0,601.0
B40C3534001_1039_40C-3534001.csv,B40C3534,40C-3534001,189531.08,434255.85,973.0,853.0,593.0
B40C3536001_1039_40C-3536001.csv,B40C3536,40C-3536001,189698.0,433494.0,945.0,815.0,715.0
B40C3536002_1039_40C-3536002.csv,B40C3536,40C-3536002,189698.0,433494.0,945.0,345.0,245.0
B40C3540001_1035_40C3540001.csv,B40C3540,40C3540001,186807.76,436942.0,1078.0,578.0,478.0
B40D0256001_1029_40DP0082001.csv,B40D0256,40DP0082001,193615.0,432690.0,1013.0,813.0,713.0
B40D0313001_1029_40DL0021001.csv,B40D0313,40DL0021001,197030.0,434720.0,1090.1,826.1,726.1
B40D2285001_1039_40D-2285001.csv,B40D2285,40D-2285001,194387.95,436398.25,1078.0,1001.0,746.0
B40D2285002_1039_40D-2285002.csv,B40D2285,40D-2285002,194387.95,436398.25,1078.0,585.0,485.0
B40D2286001_1039_40D-2286001.csv,B40D2286,40D-2286001,191436.11,436088.69,983.0,917.0,669.0
B40D2286002_1039_40D-2286002.csv,B40D2286,40D-2286002,191436.11,436088.69,983.0,606.0,360.0
B40D2288001_1039_40D-2288001.csv,B40D2288,40D-2288001,190797.76,434380.6,969.0,792.0,546.0
B40D2289001_1039_40D-2289001.csv,B40D2289,40D-2289001,192472.47,433259.87,1015.0,932.0,698.0
B40D2289002_1039_40D-2289002.csv,B40D2289,40D-2289002,192472.47,433259.87,1015.0,581.0,349.0
B40D2290001_1039_40D-2290001.csv,B40D2290,40D-2290001,193056.24,432127.83,1025.0,1077.0,853.0
B40D2290002_1039_40D-2290002.csv,B40D2290,40D-2290002,193056.24,432127.83,1025.0,839.0,611.0
B40D2291001_1039_40D-2291001.csv,B40D2291,40D-2291001,194603.19,432001.88,1083.0,925.0,641.0
B40D2292001_1039_40D-2292001.csv,B40D2292,40D-2292001,194926.43,432676.67,1063.0,932.0,694.0
B40D2292002_1039_40D-2292002.csv,B40D2292,40D-2292002,194926.43,432676.67,1063.0,432.0,194.0
B40D2293001_1039_40D-2293001.csv,B40D2293,40D-2293001,196399.24,432415.12,1152.0,919.0,635.0
B40D2294001_1039_40D-2294001.csv,B40D2294,40D-2294001,197069.4705,433235.8065,1144.0,1043.0,745.0
B40D2294002_1039_40D-2294002.csv,B40D2294,40D-2294002,197069.4705,433235.8065,1144.0,643.0,345.0
B40D2295001_1039_40D-2295001.csv,B40D2295,40D-2295001,197721.42,433712.05,1149.0,971.0,727.0
B40D2295002_1039_40D-2295002.csv,B40D2295,40D-2295002,197721.42,433712.05,1149.0,626.0,392.0
B40D2296001_1039_40D-2296001.csv,B40D2296,40D-2296001,190226.56,434293.0,1047.0,936.0,698.0
B40D2296002_1039_40D-2296002.csv,B40D2296,40D-2296002,190226.56,434293.0,1047.0,615.0,379.0
B40D2297001_1039_40D-2297001.csv,B40D2297,40D-2297001,196861.15,434020.41,1137.0,1037.0,937.0
B40D2297002_1039_40D-2297002.csv,B40D2297,40D-2297002,196861.15,434020.41,1137.0,737.0,637.0
B40D2298001_1039_40D-2298001.csv,B40D2298,40D-2298001,190743.78,434015.66,971.0,945.0,697.0
B40D2298002_1039_40D-2298002.csv,B40D2298,40D-2298002,190743.78,434015.66,971.0,743.0,499.0
B40D2299001_1039_40D-2299001.csv,B40D2299,40D-2299001,195073.92,431998.28,1122.0,944.0,680.0
B40D2302001_1039_B40D2302001.csv,B40D2302,B40D2302001,193947.39,436448.94,1058.0,788.0,692.0
B40D2304001_1039_B40D2304001.csv,B40D2304,B40D2304001,193764.0,436010.0,1017.0,797.0,652.0
B40D2305001_1039_B40D2305001.csv,B40D2305,B40D2305001,196442.0,434682.0,1092.0,892.0,743.0
HEM-P00-31001_1018_HEM-P00-31-1.csv,HEM-P00-31001,HEM-P00-31-1,175967.0,439215.0,0.0,-830.0,-1030.0
HEM-P00-31002_1018_HEM-P00-31-2.csv,HEM-P00-31002,HEM-P00-31-2,175967.0,439215.0,0.0,-3852.0,-4052.0
HEM-P00-31003_1018_HEM-P00-31-3.csv,HEM-P00-31003,HEM-P00-31-3,175967.0,439215.0,0.0,-5350.0,-5550.0
P39F0006006_1033_39F-0006001.csv,P39F0006,39F-0006001,176220.0,438510.0,788.0,764.0,514.0
P40B0010001_1029_40B-0010001.csv,P40B0010,40B-0010001,191061.0,440530.0,1065.4,1165.4,765.4
P40B0013001_1029_40B-0013001.csv,P40B0013,40B-0013001,191480.0,440350.0,932.0,812.0,612.0
