Datum,Fikkersdries,Sijmons,Hemmen,Zetten,Wageningseberg,Oosterbeek
1/1/1958,-,-,-,-,-,39837.42
2/1/1958,-,-,-,-,-,39837.42
3/1/1958,-,-,-,-,-,39837.42
4/1/1958,-,-,-,-,-,39837.42
5/1/1958,-,-,-,-,-,39837.42
6/1/1958,-,-,-,-,-,39837.42
7/1/1958,-,-,-,-,-,39837.42
8/1/1958,-,-,-,-,-,39837.42
9/1/1958,-,-,-,-,-,39837.42
10/1/1958,-,-,-,-,-,39837.42
11/1/1958,-,-,-,-,-,39837.42
12/1/1958,-,-,-,-,-,39837.42
1/1/1959,-,-,-,-,-,43537.17
2/1/1959,-,-,-,-,-,43537.17
3/1/1959,-,-,-,-,-,43537.17
4/1/1959,-,-,-,-,-,43537.17
5/1/1959,-,-,-,-,-,43537.17
6/1/1959,-,-,-,-,-,43537.17
7/1/1959,-,-,-,-,-,43537.17
8/1/1959,-,-,-,-,-,43537.17
9/1/1959,-,-,-,-,-,43537.17
10/1/1959,-,-,-,-,-,43537.17
11/1/1959,-,-,-,-,-,43537.17
12/1/1959,-,-,-,-,-,43537.17
1/1/1960,-,-,-,-,-,39965.5
2/1/1960,-,-,-,-,-,39965.5
3/1/1960,-,-,-,-,-,39965.5
4/1/1960,-,-,-,-,-,39965.5
5/1/1960,-,-,-,-,-,39965.5
6/1/1960,-,-,-,-,-,39965.5
7/1/1960,-,-,-,-,-,39965.5
8/1/1960,-,-,-,-,-,39965.5
9/1/1960,-,-,-,-,-,39965.5
10/1/1960,-,-,-,-,-,39965.5
11/1/1960,-,-,-,-,-,39965.5
12/1/1960,-,-,-,-,-,39965.5
1/1/1961,-,-,-,-,129455.75,41270.67
2/1/1961,-,-,-,-,129455.75,41270.67
3/1/1961,-,-,-,-,129455.75,41270.67
4/1/1961,-,-,-,-,129455.75,41270.67
5/1/1961,-,-,-,-,129455.75,41270.67
6/1/1961,12000,-,-,-,129455.75,41270.67
7/1/1961,22000,-,-,-,129455.75,41270.67
8/1/1961,8000,-,-,-,129455.75,41270.67
9/1/1961,8000,-,-,-,129455.75,41270.67
10/1/1961,11000,-,-,-,129455.75,41270.67
11/1/1961,13000,-,-,-,129455.75,41270.67
12/1/1961,19000,-,-,-,129455.75,41270.67
1/1/1962,30000,-,-,-,151851.67,41031.5
2/1/1962,17000,-,-,-,151851.67,41031.5
3/1/1962,17000,-,-,-,151851.67,41031.5
4/1/1962,17000,-,-,-,151851.67,41031.5
5/1/1962,16000,-,-,-,151851.67,41031.5
6/1/1962,21000,-,-,-,151851.67,41031.5
7/1/1962,16000,-,-,-,151851.67,41031.5
8/1/1962,22000,-,-,-,151851.67,41031.5
9/1/1962,16000,-,-,-,151851.67,41031.5
10/1/1962,23000,-,-,-,151851.67,41031.5
11/1/1962,29000,-,-,-,151851.67,41031.5
12/1/1962,31000,-,-,-,151851.67,41031.5
1/1/1963,44000,-,-,-,182099.58,47919.08
2/1/1963,47000,-,-,-,182099.58,47919.08
3/1/1963,53000,-,-,-,182099.58,47919.08
4/1/1963,48000,-,-,-,182099.58,47919.08
5/1/1963,59000,-,-,-,182099.58,47919.08
6/1/1963,37000,-,-,-,182099.58,47919.08
7/1/1963,66000,-,-,-,182099.58,47919.08
8/1/1963,79000,-,-,-,182099.58,47919.08
9/1/1963,74000,-,-,-,182099.58,47919.08
10/1/1963,78000,-,-,-,182099.58,47919.08
11/1/1963,93000,-,-,-,182099.58,47919.08
12/1/1963,91000,-,-,-,182099.58,47919.08
1/1/1964,99000,-,-,-,171552.5,51049.83
2/1/1964,96000,-,-,-,171552.5,51049.83
3/1/1964,101000,-,-,-,171552.5,51049.83
4/1/1964,111000,-,-,-,171552.5,51049.83
5/1/1964,123000,-,-,-,171552.5,51049.83
6/1/1964,122000,-,-,-,171552.5,51049.83
7/1/1964,130000,-,-,-,171552.5,51049.83
8/1/1964,136000,-,-,-,171552.5,51049.83
9/1/1964,131000,-,-,-,171552.5,51049.83
10/1/1964,131000,-,-,-,171552.5,51049.83
11/1/1964,121000,-,-,-,171552.5,51049.83
12/1/1964,123000,-,-,-,171552.5,51049.83
1/1/1965,129000,-,-,-,163460,51114.75
2/1/1965,123000,-,-,-,163460,51114.75
3/1/1965,131000,-,-,-,163460,51114.75
4/1/1965,135000,-,-,-,163460,51114.75
5/1/1965,145000,-,-,-,163460,51114.75
6/1/1965,142000,-,-,-,163460,51114.75
7/1/1965,142000,-,-,-,163460,51114.75
8/1/1965,146000,-,-,-,163460,51114.75
9/1/1965,132000,-,-,-,163460,51114.75
10/1/1965,142000,-,-,-,163460,51114.75
11/1/1965,137000,-,-,-,163460,51114.75
12/1/1965,143000,-,-,-,163460,51114.75
1/1/1966,142000,-,-,-,150719.17,55966.25
2/1/1966,126000,-,-,-,150719.17,55966.25
3/1/1966,146000,-,-,-,150719.17,55966.25
4/1/1966,157000,-,-,-,150719.17,55966.25
5/1/1966,178000,-,-,-,150719.17,55966.25
6/1/1966,198000,-,-,-,150719.17,55966.25
7/1/1966,167000,-,-,-,150719.17,55966.25
8/1/1966,188000,-,-,-,150719.17,55966.25
9/1/1966,185000,-,-,-,150719.17,55966.25
10/1/1966,162000,-,-,-,150719.17,55966.25
11/1/1966,145000,-,-,-,150719.17,55966.25
12/1/1966,149000,-,-,-,150719.17,55966.25
1/1/1967,158000,-,-,-,138835.42,62781.25
2/1/1967,149000,-,-,-,138835.42,62781.25
3/1/1967,174000,-,-,-,138835.42,62781.25
4/1/1967,161000,-,-,-,138835.42,62781.25
5/1/1967,162000,-,-,-,138835.42,62781.25
6/1/1967,161000,-,-,-,138835.42,62781.25
7/1/1967,160000,-,-,-,138835.42,62781.25
8/1/1967,150000,-,-,-,138835.42,62781.25
9/1/1967,149000,-,-,-,138835.42,62781.25
10/1/1967,159000,-,-,-,138835.42,62781.25
11/1/1967,139000,-,-,-,138835.42,62781.25
12/1/1967,134000,-,-,-,138835.42,62781.25
1/1/1968,131000,-,-,-,145475.83,62243.33
2/1/1968,120000,-,-,-,145475.83,62243.33
3/1/1968,161000,-,-,-,145475.83,62243.33
4/1/1968,147000,-,-,-,145475.83,62243.33
5/1/1968,138000,-,-,-,145475.83,62243.33
6/1/1968,132000,-,-,-,145475.83,62243.33
7/1/1968,140000,-,-,-,145475.83,62243.33
8/1/1968,141000,-,-,-,145475.83,62243.33
9/1/1968,125000,-,-,-,145475.83,62243.33
10/1/1968,146000,-,-,-,145475.83,62243.33
11/1/1968,113000,-,-,-,145475.83,62243.33
12/1/1968,69000,-,-,-,145475.83,62243.33
1/1/1969,44000,-,-,-,160650,65800
2/1/1969,86000,-,-,-,160650,65800
3/1/1969,146000,-,-,-,160650,65800
4/1/1969,158000,-,-,-,160650,65800
5/1/1969,163000,-,-,-,160650,65800
6/1/1969,160000,-,-,-,160650,65800
7/1/1969,178000,-,-,-,160650,65800
8/1/1969,169000,-,-,-,160650,65800
9/1/1969,173000,-,-,-,160650,65800
10/1/1969,172000,-,-,-,160650,65800
11/1/1969,155000,-,-,-,160650,65800
12/1/1969,153000,-,-,-,160650,65800
1/1/1970,160000,-,-,-,176401.25,60963.33
2/1/1970,158000,-,-,-,176401.25,60963.33
3/1/1970,152000,-,-,-,176401.25,60963.33
4/1/1970,191000,-,-,-,176401.25,60963.33
5/1/1970,147000,-,-,-,176401.25,60963.33
6/1/1970,172000,-,-,-,176401.25,60963.33
7/1/1970,151000,-,-,-,176401.25,60963.33
8/1/1970,184000,-,-,-,176401.25,60963.33
9/1/1970,165000,-,-,-,176401.25,60963.33
10/1/1970,167000,-,-,-,176401.25,60963.33
11/1/1970,141000,-,-,-,176401.25,60963.33
12/1/1970,159000,-,-,-,176401.25,60963.33
1/1/1971,167000,-,-,-,206219.58,87330.83
2/1/1971,146000,-,-,-,206219.58,87330.83
3/1/1971,196000,-,-,-,206219.58,87330.83
4/1/1971,152000,-,-,-,206219.58,87330.83
5/1/1971,159000,-,-,-,206219.58,87330.83
6/1/1971,227000,-,-,-,206219.58,87330.83
7/1/1971,169000,-,-,-,206219.58,87330.83
8/1/1971,162000,-,-,-,206219.58,87330.83
9/1/1971,202000,-,-,-,206219.58,87330.83
10/1/1971,178000,-,-,-,206219.58,87330.83
11/1/1971,157000,-,-,-,206219.58,87330.83
12/1/1971,185000,-,-,-,206219.58,87330.83
1/1/1972,164866.67,-,-,-,219566.67,64180
2/1/1972,164866.67,-,-,-,219566.67,64180
3/1/1972,164866.67,-,-,-,219566.67,64180
4/1/1972,177266.67,-,-,-,224656.67,69716.67
5/1/1972,177266.67,-,-,-,224656.67,69716.67
6/1/1972,177266.67,-,-,-,224656.67,69716.67
7/1/1972,174400,-,-,-,211350,79916.67
8/1/1972,174400,-,-,-,211350,79916.67
9/1/1972,174400,-,-,-,211350,79916.67
10/1/1972,178500,-,-,-,206993.33,75003.33
11/1/1972,178500,-,-,-,206993.33,75003.33
12/1/1972,178500,-,-,-,206993.33,75003.33
1/1/1973,170466.67,-,-,-,193510,74176.67
2/1/1973,170466.67,-,-,-,193510,74176.67
3/1/1973,170466.67,-,-,-,193510,74176.67
4/1/1973,199300,-,-,-,222825,82650
5/1/1973,199300,-,-,-,222825,82650
6/1/1973,199300,-,-,-,222825,82650
7/1/1973,207333.33,-,-,-,225671.67,84580
8/1/1973,207333.33,-,-,-,225671.67,84580
9/1/1973,207333.33,-,-,-,225671.67,84580
10/1/1973,196633.33,-,-,-,201923.33,73843.33
11/1/1973,196633.33,-,-,-,201923.33,73843.33
12/1/1973,196633.33,-,-,-,201923.33,73843.33
1/1/1974,187733.33,-,-,-,194190,77186.67
2/1/1974,187733.33,-,-,-,194190,77186.67
3/1/1974,187733.33,-,-,-,194190,77186.67
4/1/1974,221900,-,-,-,233336.67,92166.67
5/1/1974,221900,-,-,-,233336.67,92166.67
6/1/1974,221900,-,-,-,233336.67,92166.67
7/1/1974,209866.67,-,-,-,211963.33,84223.33
8/1/1974,209866.67,-,-,-,211963.33,84223.33
9/1/1974,209866.67,-,-,-,211963.33,84223.33
10/1/1974,219400,-,-,-,214263.33,80210
11/1/1974,219400,-,-,-,214263.33,80210
12/1/1974,219400,-,-,-,214263.33,80210
1/1/1975,213683.33,-,-,-,217340,74990
2/1/1975,213683.33,-,-,-,217340,74990
3/1/1975,213683.33,-,-,-,217340,74990
4/1/1975,253225.67,-,-,-,246093.33,78568.67
5/1/1975,253225.67,-,-,-,246093.33,78568.67
6/1/1975,253225.67,-,-,-,246093.33,78568.67
7/1/1975,344363.33,-,-,-,257136.67,83066.67
8/1/1975,344363.33,-,-,-,257136.67,83066.67
9/1/1975,344363.33,-,-,-,257136.67,83066.67
10/1/1975,319572,-,-,-,230353,80123.33
11/1/1975,319572,-,-,-,230353,80123.33
12/1/1975,319572,-,-,-,230353,80123.33
1/1/1976,331300,-,-,-,221577.33,82930
2/1/1976,331300,-,-,-,221577.33,82930
3/1/1976,331300,-,-,-,221577.33,82930
4/1/1976,441133.33,-,-,-,293190,101983.33
5/1/1976,441133.33,-,-,-,293190,101983.33
6/1/1976,441133.33,-,-,-,293190,101983.33
7/1/1976,466933.33,-,-,-,311366.67,100503.33
8/1/1976,466933.33,-,-,-,311366.67,100503.33
9/1/1976,466933.33,-,-,-,311366.67,100503.33
10/1/1976,363666.67,-,-,-,241565,76680
11/1/1976,363666.67,-,-,-,241565,76680
12/1/1976,363666.67,-,-,-,241565,76680
1/1/1977,363800,-,-,-,231683.33,67503.33
2/1/1977,363800,-,-,-,231683.33,67503.33
3/1/1977,363800,-,-,-,231683.33,67503.33
4/1/1977,374466.67,-,-,-,254833.33,63986.67
5/1/1977,374466.67,-,-,-,254833.33,63986.67
6/1/1977,374466.67,-,-,-,254833.33,63986.67
7/1/1977,401200,-,-,-,256593.33,63320
8/1/1977,401200,-,-,-,256593.33,63320
9/1/1977,401200,-,-,-,256593.33,63320
10/1/1977,376766.67,-,-,-,234510,65756.67
11/1/1977,376766.67,-,-,-,234510,65756.67
12/1/1977,376766.67,-,-,-,234510,65756.67
1/1/1978,452200,-,-,-,231233.33,70640
2/1/1978,452200,-,-,-,231233.33,70640
3/1/1978,452200,-,-,-,231233.33,70640
4/1/1978,503600,-,-,-,265060,77976.67
5/1/1978,503600,-,-,-,265060,77976.67
6/1/1978,503600,-,-,-,265060,77976.67
7/1/1978,528766.67,-,-,-,264520,66826.67
8/1/1978,528766.67,-,-,-,264520,66826.67
9/1/1978,528766.67,-,-,-,264520,66826.67
10/1/1978,526766.67,-,-,-,253716.67,76073.33
11/1/1978,526766.67,-,-,-,253716.67,76073.33
12/1/1978,526766.67,-,-,-,253716.67,76073.33
1/1/1979,520566.67,-,-,-,239800,74736.67
2/1/1979,520566.67,-,-,-,239800,74736.67
3/1/1979,520566.67,-,-,-,239800,74736.67
4/1/1979,566366.67,-,-,-,262266.67,82116.67
5/1/1979,566366.67,-,-,-,262266.67,82116.67
6/1/1979,566366.67,-,-,-,262266.67,82116.67
7/1/1979,567566.67,-,-,-,262233.33,86286.67
8/1/1979,567566.67,-,-,-,262233.33,86286.67
9/1/1979,567566.67,-,-,-,262233.33,86286.67
10/1/1979,533300,-,-,-,257853.33,72463.33
11/1/1979,533300,-,-,-,257853.33,72463.33
12/1/1979,533300,-,-,-,257853.33,72463.33
1/1/1980,521000,23682.25,-,-,255533.33,66823.33
2/1/1980,521000,23682.25,-,-,255533.33,66823.33
3/1/1980,521000,23682.25,-,-,255533.33,66823.33
4/1/1980,577200,23682.25,-,-,286633.33,80166.67
5/1/1980,577200,23682.25,-,-,286633.33,80166.67
6/1/1980,577200,23682.25,-,-,286633.33,80166.67
7/1/1980,528200,23682.25,-,-,262793.33,70800
8/1/1980,528200,23682.25,-,-,262793.33,70800
9/1/1980,528200,23682.25,-,-,262793.33,70800
10/1/1980,554466.67,23682.25,-,-,255943.33,67700
11/1/1980,554466.67,23682.25,-,-,255943.33,67700
12/1/1980,554466.67,23682.25,-,-,255943.33,67700
1/1/1981,524733.33,173050.67,-,-,246790,67733.33
2/1/1981,524733.33,173050.67,-,-,246790,67733.33
3/1/1981,524733.33,173050.67,-,-,246790,67733.33
4/1/1981,571466.67,173050.67,-,-,270940,74133.33
5/1/1981,571466.67,173050.67,-,-,270940,74133.33
6/1/1981,571466.67,173050.67,-,-,270940,74133.33
7/1/1981,574866.67,173050.67,-,-,274453.33,72733.33
8/1/1981,574866.67,173050.67,-,-,274453.33,72733.33
9/1/1981,574866.67,173050.67,-,-,274453.33,72733.33
10/1/1981,660400,173050.67,-,-,258573.33,65766.67
11/1/1981,660400,173050.67,-,-,258573.33,65766.67
12/1/1981,660400,173050.67,-,-,258573.33,65766.67
1/1/1982,704533.33,161235.58,-,-,252606.67,73333.33
2/1/1982,704533.33,161235.58,-,-,252606.67,73333.33
3/1/1982,704533.33,161235.58,-,-,252606.67,73333.33
4/1/1982,611200,161235.58,-,-,280386.67,82933.33
5/1/1982,611200,161235.58,-,-,280386.67,82933.33
6/1/1982,611200,161235.58,-,-,280386.67,82933.33
7/1/1982,671133.33,161235.58,-,-,296120,85533.33
8/1/1982,671133.33,161235.58,-,-,296120,85533.33
9/1/1982,671133.33,161235.58,-,-,296120,85533.33
10/1/1982,750333.33,161235.58,-,-,261016.67,71066.67
11/1/1982,750333.33,161235.58,-,-,261016.67,71066.67
12/1/1982,750333.33,161235.58,-,-,261016.67,71066.67
1/1/1983,582600,160375.42,-,-,256956.67,65566.67
2/1/1983,582600,160375.42,-,-,256956.67,65566.67
3/1/1983,582600,160375.42,-,-,256956.67,65566.67
4/1/1983,591866.67,160375.42,-,-,278133.33,76379.67
5/1/1983,591866.67,160375.42,-,-,278133.33,76379.67
6/1/1983,591866.67,160375.42,-,-,278133.33,76379.67
7/1/1983,662333.33,160375.42,-,-,329176.67,94120.33
8/1/1983,662333.33,160375.42,-,-,329176.67,94120.33
9/1/1983,662333.33,160375.42,-,-,329176.67,94120.33
10/1/1983,573933.33,160375.42,-,-,271125.67,71100
11/1/1983,573933.33,160375.42,-,-,271125.67,71100
12/1/1983,573933.33,160375.42,-,-,271125.67,71100
1/1/1984,624600,158173.17,-,-,263803,71500
2/1/1984,624600,158173.17,-,-,263803,71500
3/1/1984,624600,158173.17,-,-,263803,71500
4/1/1984,702533.33,158173.17,-,-,264154.67,97233.33
5/1/1984,702533.33,158173.17,-,-,264154.67,97233.33
6/1/1984,702533.33,158173.17,-,-,264154.67,97233.33
7/1/1984,719666.67,158173.17,-,-,271997,101133.33
8/1/1984,719666.67,158173.17,-,-,271997,101133.33
9/1/1984,719666.67,158173.17,-,-,271997,101133.33
10/1/1984,683000,158173.17,-,-,256026.67,88666.67
11/1/1984,683000,158173.17,-,-,256026.67,88666.67
12/1/1984,683000,158173.17,-,-,256026.67,88666.67
1/1/1985,684356.67,157336.75,-,-,250490.33,86756.67
2/1/1985,684356.67,157336.75,-,-,250490.33,86756.67
3/1/1985,684356.67,157336.75,-,-,250490.33,86756.67
4/1/1985,704300,157336.75,-,-,279876.67,88710
5/1/1985,704300,157336.75,-,-,279876.67,88710
6/1/1985,704300,157336.75,-,-,279876.67,88710
7/1/1985,684133.33,157336.75,-,-,259397,102733.33
8/1/1985,684133.33,157336.75,-,-,259397,102733.33
9/1/1985,684133.33,157336.75,-,-,259397,102733.33
10/1/1985,688266.67,157336.75,-,-,276854.33,89633.33
11/1/1985,688266.67,157336.75,-,-,276854.33,89633.33
12/1/1985,688266.67,157336.75,-,-,276854.33,89633.33
1/1/1986,680666.67,160573.33,-,-,259940,90966.67
2/1/1986,680666.67,160573.33,-,-,259940,90966.67
3/1/1986,680666.67,160573.33,-,-,259940,90966.67
4/1/1986,787560,160573.33,-,-,292140,113786.67
5/1/1986,787560,160573.33,-,-,292140,113786.67
6/1/1986,787560,160573.33,-,-,292140,113786.67
7/1/1986,757266.67,160573.33,-,-,297793.33,107912.33
8/1/1986,757266.67,160573.33,-,-,297793.33,107912.33
9/1/1986,757266.67,160573.33,-,-,297793.33,107912.33
10/1/1986,758333.33,160573.33,-,-,280823.33,91053.33
11/1/1986,758333.33,160573.33,-,-,280823.33,91053.33
12/1/1986,758333.33,160573.33,-,-,280823.33,91053.33
1/1/1987,749466.67,186148.42,-,-,265714.33,103097.67
2/1/1987,749466.67,186148.42,-,-,265714.33,103097.67
3/1/1987,749466.67,186148.42,-,-,265714.33,103097.67
4/1/1987,835866.67,186148.42,-,-,277865,114956.33
5/1/1987,835866.67,186148.42,-,-,277865,114956.33
6/1/1987,835866.67,186148.42,-,-,277865,114956.33
7/1/1987,816666.67,186148.42,-,-,206571,182089.67
8/1/1987,816666.67,186148.42,-,-,206571,182089.67
9/1/1987,816666.67,186148.42,-,-,206571,182089.67
10/1/1987,678473.33,186148.42,-,-,202154.33,181358.67
11/1/1987,678473.33,186148.42,-,-,202154.33,181358.67
12/1/1987,678473.33,186148.42,-,-,202154.33,181358.67
1/1/1988,816066.67,235136.67,-,-,202530.67,173113.33
2/1/1988,816066.67,235136.67,-,-,202530.67,173113.33
3/1/1988,816066.67,235136.67,-,-,202530.67,173113.33
4/1/1988,997733.33,235136.67,-,-,240938,181066.67
5/1/1988,997733.33,235136.67,-,-,240938,181066.67
6/1/1988,997733.33,235136.67,-,-,240938,181066.67
7/1/1988,921533.33,235136.67,-,-,215566.67,156976.67
8/1/1988,921533.33,235136.67,-,-,215566.67,156976.67
9/1/1988,921533.33,235136.67,-,-,215566.67,156976.67
10/1/1988,816066.67,235136.67,-,-,207033.33,175726.67
11/1/1988,816066.67,235136.67,-,-,207033.33,175726.67
12/1/1988,816066.67,235136.67,-,-,207033.33,175726.67
1/1/1989,888666.67,227794.33,-,-,207100,166200
2/1/1989,888666.67,227794.33,-,-,207100,166200
3/1/1989,888666.67,227794.33,-,-,207100,166200
4/1/1989,1071233.33,227794.33,-,-,254433.33,205133.33
5/1/1989,1071233.33,227794.33,-,-,254433.33,205133.33
6/1/1989,1071233.33,227794.33,-,-,254433.33,205133.33
7/1/1989,985766.67,227794.33,-,-,243066.67,188700
8/1/1989,985766.67,227794.33,-,-,243066.67,188700
9/1/1989,985766.67,227794.33,-,-,243066.67,188700
10/1/1989,877000,227794.33,-,-,223200,166900
11/1/1989,877000,227794.33,-,-,223200,166900
12/1/1989,877000,227794.33,-,-,223200,166900
1/1/1990,772433.33,214706.42,-,-,250566.67,171800
2/1/1990,772433.33,214706.42,-,-,250566.67,171800
3/1/1990,772433.33,214706.42,-,-,250566.67,171800
4/1/1990,961633.33,214706.42,-,-,303200,181200
5/1/1990,961633.33,214706.42,-,-,303200,181200
6/1/1990,961633.33,214706.42,-,-,303200,181200
7/1/1990,1006700,214706.42,-,-,298233.33,185633.33
8/1/1990,1006700,214706.42,-,-,298233.33,185633.33
9/1/1990,1006700,214706.42,-,-,298233.33,185633.33
10/1/1990,895833.33,214706.42,-,-,255233.33,169600
11/1/1990,895833.33,214706.42,-,-,255233.33,169600
12/1/1990,895833.33,214706.42,-,-,255233.33,169600
1/1/1991,1003333.33,256687.75,-,-,249866.67,169233.33
2/1/1991,1003333.33,256687.75,-,-,249866.67,169233.33
3/1/1991,1003333.33,256687.75,-,-,249866.67,169233.33
4/1/1991,1103000,256687.75,-,-,281733.33,173533.33
5/1/1991,1103000,256687.75,-,-,281733.33,173533.33
6/1/1991,1103000,256687.75,-,-,281733.33,173533.33
7/1/1991,1207800,256687.75,-,-,308000,196733.33
8/1/1991,1207800,256687.75,-,-,308000,196733.33
9/1/1991,1207800,256687.75,-,-,308000,196733.33
10/1/1991,1004633.33,256687.75,-,-,245733.33,173666.67
11/1/1991,1004633.33,256687.75,-,-,245733.33,173666.67
12/1/1991,1004633.33,256687.75,-,-,245733.33,173666.67
1/1/1992,965233.33,277126.42,-,-,261466.67,154766.67
2/1/1992,965233.33,277126.42,-,-,261466.67,154766.67
3/1/1992,965233.33,277126.42,-,-,261466.67,154766.67
4/1/1992,1076300,277126.42,-,-,321000,167033.33
5/1/1992,1076300,277126.42,-,-,321000,167033.33
6/1/1992,1076300,277126.42,-,-,321000,167033.33
7/1/1992,1039733.33,277126.42,-,-,303800,155533.33
8/1/1992,1039733.33,277126.42,-,-,303800,155533.33
9/1/1992,1039733.33,277126.42,-,-,303800,155533.33
10/1/1992,983666.67,277126.42,-,-,253866.67,153333.33
11/1/1992,983666.67,277126.42,-,-,253866.67,153333.33
12/1/1992,983666.67,277126.42,-,-,253866.67,153333.33
1/1/1993,955222.33,241781.58,-,-,256425.33,130884.33
2/1/1993,955222.33,241781.58,-,-,256425.33,130884.33
3/1/1993,955222.33,241781.58,-,-,256425.33,130884.33
4/1/1993,1095850.67,241781.58,-,-,298596,164199.33
5/1/1993,1095850.67,241781.58,-,-,298596,164199.33
6/1/1993,1095850.67,241781.58,-,-,298596,164199.33
7/1/1993,983737.67,241781.58,-,-,273788.33,134414
8/1/1993,983737.67,241781.58,-,-,273788.33,134414
9/1/1993,983737.67,241781.58,-,-,273788.33,134414
10/1/1993,996939.33,241781.58,-,-,239737.67,169823.33
11/1/1993,996939.33,241781.58,-,-,239737.67,169823.33
12/1/1993,996939.33,241781.58,-,-,239737.67,169823.33
1/1/1994,947076.67,339544.17,-,-,261645,154655
2/1/1994,947076.67,339544.17,-,-,261645,154655
3/1/1994,947076.67,339544.17,-,-,261645,154655
4/1/1994,976980,339544.17,-,-,308209.33,159113.67
5/1/1994,976980,339544.17,-,-,308209.33,159113.67
6/1/1994,976980,339544.17,-,-,308209.33,159113.67
7/1/1994,1025716.67,339544.17,-,-,325348.67,175603
8/1/1994,1025716.67,339544.17,-,-,325348.67,175603
9/1/1994,1025716.67,339544.17,-,-,325348.67,175603
10/1/1994,988306.67,339544.17,-,-,263736,170186.33
11/1/1994,988306.67,339544.17,-,-,263736,170186.33
12/1/1994,988306.67,339544.17,-,-,263736,170186.33
1/1/1995,911288.33,439510.92,-,-,247154,172707
2/1/1995,911288.33,439510.92,-,-,247154,172707
3/1/1995,911288.33,439510.92,-,-,247154,172707
4/1/1995,959848.67,439510.92,-,-,283416,158668
5/1/1995,959848.67,439510.92,-,-,283416,158668
6/1/1995,959848.67,439510.92,-,-,283416,158668
7/1/1995,1039136.67,439510.92,-,-,301619.67,186961.33
8/1/1995,1039136.67,439510.92,-,-,301619.67,186961.33
9/1/1995,1039136.67,439510.92,-,-,301619.67,186961.33
10/1/1995,1065709.67,439510.92,-,-,247061,147590
11/1/1995,1065709.67,439510.92,-,-,247061,147590
12/1/1995,1065709.67,439510.92,-,-,247061,147590
1/1/1996,1071817,449756.08,-,-,272855.67,153778.67
2/1/1996,1071817,449756.08,-,-,272855.67,153778.67
3/1/1996,1071817,449756.08,-,-,272855.67,153778.67
4/1/1996,1114010,449756.08,-,-,316098.67,175711.67
5/1/1996,1114010,449756.08,-,-,316098.67,175711.67
6/1/1996,1114010,449756.08,-,-,316098.67,175711.67
7/1/1996,1086866.67,449756.08,-,-,298613.33,161105.33
8/1/1996,1086866.67,449756.08,-,-,298613.33,161105.33
9/1/1996,1086866.67,449756.08,-,-,298613.33,161105.33
10/1/1996,1115418,449756.08,-,-,302823,172992.33
11/1/1996,1115418,449756.08,-,-,302823,172992.33
12/1/1996,1115418,449756.08,-,-,302823,172992.33
1/1/1997,1100761.67,457521.25,-,-,300201.67,153190.33
2/1/1997,1100761.67,457521.25,-,-,300201.67,153190.33
3/1/1997,1100761.67,457521.25,-,-,300201.67,153190.33
4/1/1997,1080213.33,457521.25,-,-,303407,169306
5/1/1997,1080213.33,457521.25,-,-,303407,169306
6/1/1997,1080213.33,457521.25,-,-,303407,169306
7/1/1997,1064171.67,457521.25,-,-,256348,176970.67
8/1/1997,1064171.67,457521.25,-,-,256348,176970.67
9/1/1997,1064171.67,457521.25,-,-,256348,176970.67
10/1/1997,999307.67,457521.25,-,-,228966.67,156522.67
11/1/1997,999307.67,457521.25,-,-,228966.67,156522.67
12/1/1997,999307.67,457521.25,-,-,228966.67,156522.67
1/1/1998,991214.33,457913.67,-,-,250884.67,171728
2/1/1998,991214.33,457913.67,-,-,250884.67,171728
3/1/1998,991214.33,457913.67,-,-,250884.67,171728
4/1/1998,1061838.33,457913.67,-,-,275443.33,155970.33
5/1/1998,1061838.33,457913.67,-,-,275443.33,155970.33
6/1/1998,1061838.33,457913.67,-,-,275443.33,155970.33
7/1/1998,1027592.33,457913.67,-,-,301781.67,134041.67
8/1/1998,1027592.33,457913.67,-,-,301781.67,134041.67
9/1/1998,1027592.33,457913.67,-,-,301781.67,134041.67
10/1/1998,982475,457913.67,-,-,265821,128991
11/1/1998,982475,457913.67,-,-,265821,128991
12/1/1998,982475,457913.67,-,-,265821,128991
1/1/1999,965847,457494.75,-,-,217132.67,163071.67
2/1/1999,965847,457494.75,-,-,217132.67,163071.67
3/1/1999,965847,457494.75,-,-,217132.67,163071.67
4/1/1999,1162921.33,457494.75,-,-,246192,130404
5/1/1999,1162921.33,457494.75,-,-,246192,130404
6/1/1999,1162921.33,457494.75,-,-,246192,130404
7/1/1999,1189965.67,457494.75,-,-,261697,146232
8/1/1999,1189965.67,457494.75,-,-,261697,146232
9/1/1999,1189965.67,457494.75,-,-,261697,146232
10/1/1999,1012524.33,457494.75,-,-,271567.67,148602.33
11/1/1999,1012524.33,457494.75,-,-,271567.67,148602.33
12/1/1999,1012524.33,457494.75,-,-,271567.67,148602.33
1/1/2000,1136620.67,456550.5,-,-,279009.33,153565
2/1/2000,1136620.67,456550.5,-,-,279009.33,153565
3/1/2000,1136620.67,456550.5,-,-,279009.33,153565
4/1/2000,1091551,456550.5,-,-,301656.33,178244.33
5/1/2000,1091551,456550.5,-,-,301656.33,178244.33
6/1/2000,1091551,456550.5,-,-,301656.33,178244.33
7/1/2000,1033690.33,456550.5,-,-,277413.33,163815
8/1/2000,1033690.33,456550.5,-,-,277413.33,163815
9/1/2000,1033690.33,456550.5,-,-,277413.33,163815
10/1/2000,1031150.67,456550.5,-,-,240937.33,160553
11/1/2000,1031150.67,456550.5,-,-,240937.33,160553
12/1/2000,1031150.67,456550.5,-,-,240937.33,160553
1/1/2001,995815.67,456291.33,-,-,278937.33,172382.33
2/1/2001,995815.67,456291.33,-,-,278937.33,172382.33
3/1/2001,995815.67,456291.33,-,-,278937.33,172382.33
4/1/2001,1113419.33,456291.33,-,-,346788,187426.33
5/1/2001,1113419.33,456291.33,-,-,346788,187426.33
6/1/2001,1113419.33,456291.33,-,-,346788,187426.33
7/1/2001,1204412,456291.33,-,-,305439.67,158341.67
8/1/2001,1204412,456291.33,-,-,305439.67,158341.67
9/1/2001,1204412,456291.33,-,-,305439.67,158341.67
10/1/2001,1000090.67,456291.33,-,-,256942,139925
11/1/2001,1000090.67,456291.33,-,-,256942,139925
12/1/2001,1000090.67,456291.33,-,-,256942,139925
1/1/2002,1074446,455647.29,-,-,264275,157646.67
2/1/2002,1074446,455647.29,-,-,264275,157646.67
3/1/2002,1074446,455647.29,-,-,264275,157646.67
4/1/2002,1097490.33,455647.29,-,-,306068,163370
5/1/2002,1097490.33,455647.29,-,-,306068,163370
6/1/2002,1097490.33,455647.29,-,-,306068,163370
7/1/2002,1125346.33,455647.29,-,-,282110.67,161969.67
8/1/2002,1125346.33,455647.29,-,-,282110.67,161969.67
9/1/2002,1125346.33,455647.29,-,-,282110.67,161969.67
10/1/2002,1121399.33,455647.29,-,-,281653.67,155758
11/1/2002,1121399.33,455647.29,-,-,281653.67,155758
12/1/2002,1121399.33,455647.29,-,-,281653.67,155758
1/1/2003,1131930,444498.67,-,-,270737,159453.33
2/1/2003,1131930,444498.67,-,-,270737,159453.33
3/1/2003,1131930,444498.67,-,-,270737,159453.33
4/1/2003,1217612,444498.67,-,-,296023.33,177331.67
5/1/2003,1217612,444498.67,-,-,296023.33,177331.67
6/1/2003,1217612,444498.67,-,-,296023.33,177331.67
7/1/2003,1237328.67,444498.67,-,-,287690.33,195614
8/1/2003,1237328.67,444498.67,-,-,287690.33,195614
9/1/2003,1237328.67,444498.67,-,-,287690.33,195614
10/1/2003,960612.33,444498.67,-,-,290083.67,146226.67
11/1/2003,960612.33,444498.67,-,-,290083.67,146226.67
12/1/2003,960612.33,444498.67,-,-,290083.67,146226.67
1/1/2004,1037032,443164.67,-,-,251456,160044.67
2/1/2004,1037032,443164.67,-,-,251456,160044.67
3/1/2004,1037032,443164.67,-,-,251456,160044.67
4/1/2004,1127472.33,443164.67,-,-,282472,170517.67
5/1/2004,1127472.33,443164.67,-,-,282472,170517.67
6/1/2004,1127472.33,443164.67,-,-,282472,170517.67
7/1/2004,1091174.67,443164.67,-,-,248695.67,168917
8/1/2004,1091174.67,443164.67,-,-,248695.67,168917
9/1/2004,1091174.67,443164.67,-,-,248695.67,168917
10/1/2004,1174222.67,443164.67,-,-,237821.67,164268.33
11/1/2004,1174222.67,443164.67,-,-,237821.67,164268.33
12/1/2004,1174222.67,443164.67,-,-,237821.67,164268.33
1/1/2005,1147555,421747.67,0,0,246571,160092
2/1/2005,1147555,421747.67,0,0,246571,160092
3/1/2005,1147555,421747.67,0,0,246571,160092
4/1/2005,1215053.33,453976,0,0,271022,179839.67
5/1/2005,1215053.33,453976,0,0,271022,179839.67
6/1/2005,1215053.33,453976,0,0,271022,179839.67
7/1/2005,1032737.67,422723,0,0,239255,165283
8/1/2005,1032737.67,422723,0,0,239255,165283
9/1/2005,1032737.67,422723,0,0,239255,165283
10/1/2005,1015224.67,388281.33,0,0,216770,134535
11/1/2005,1015224.67,388281.33,0,0,216770,134535
12/1/2005,1015224.67,388281.33,0,0,216770,134535
1/1/2006,1012851.33,390298.67,0,0,249713.33,158314.67
2/1/2006,1012851.33,390298.67,0,0,249713.33,158314.67
3/1/2006,1012851.33,390298.67,0,0,249713.33,158314.67
4/1/2006,1115788.33,407518.67,0,0,253924.67,186650
5/1/2006,1115788.33,407518.67,0,0,253924.67,186650
6/1/2006,1115788.33,407518.67,0,0,253924.67,186650
7/1/2006,1188416.33,461650.67,0,0,259766.67,193662.67
8/1/2006,1188416.33,461650.67,0,0,259766.67,193662.67
9/1/2006,1188416.33,461650.67,0,0,259766.67,193662.67
10/1/2006,1221710.33,354032,100751.33,96759.67,225379.33,87522.33
11/1/2006,1221710.33,354032,100751.33,96759.67,225379.33,87522.33
12/1/2006,1221710.33,354032,100751.33,96759.67,225379.33,87522.33
1/1/2007,1023926.67,288990.33,115504,175911.67,247538.67,153294.67
2/1/2007,1023926.67,288990.33,115504,175911.67,247538.67,153294.67
3/1/2007,1023926.67,288990.33,115504,175911.67,247538.67,153294.67
4/1/2007,1057771.33,297898.67,183406.67,333511.33,253938.67,166918.33
5/1/2007,1057771.33,297898.67,183406.67,333511.33,253938.67,166918.33
6/1/2007,1057771.33,297898.67,183406.67,333511.33,253938.67,166918.33
7/1/2007,973899.67,242522,81194.33,418807.33,235181.67,148703.33
8/1/2007,973899.67,242522,81194.33,418807.33,235181.67,148703.33
9/1/2007,973899.67,242522,81194.33,418807.33,235181.67,148703.33
10/1/2007,1009961.33,264097.67,78220,403038.33,239215.33,138996.33
11/1/2007,1009961.33,264097.67,78220,403038.33,239215.33,138996.33
12/1/2007,1009961.33,264097.67,78220,403038.33,239215.33,138996.33
1/1/2008,929503.33,257565.67,115537.33,400424,231272.67,142957
2/1/2008,929503.33,257565.67,115537.33,400424,231272.67,142957
3/1/2008,929503.33,257565.67,115537.33,400424,231272.67,142957
4/1/2008,955275,274262.33,155647.33,332239.67,269272.67,151961.67
5/1/2008,955275,274262.33,155647.33,332239.67,269272.67,151961.67
6/1/2008,955275,274262.33,155647.33,332239.67,269272.67,151961.67
7/1/2008,856711,252244,104043.33,350515,259127.67,132992.33
8/1/2008,856711,252244,104043.33,350515,259127.67,132992.33
9/1/2008,856711,252244,104043.33,350515,259127.67,132992.33
10/1/2008,859231,301731.67,93137,351587.67,254266.33,132869
11/1/2008,859231,301731.67,93137,351587.67,254266.33,132869
12/1/2008,859231,301731.67,93137,351587.67,254266.33,132869
1/1/2009,937429.67,254542,94401.33,344122,261918,128717.67
2/1/2009,937429.67,254542,94401.33,344122,261918,128717.67
3/1/2009,937429.67,254542,94401.33,344122,261918,128717.67
4/1/2009,1009725,286378.33,120462.33,358151,267119.33,146721.67
5/1/2009,1009725,286378.33,120462.33,358151,267119.33,146721.67
6/1/2009,1009725,286378.33,120462.33,358151,267119.33,146721.67
7/1/2009,910738,280052.33,151705.33,346065.33,266908.33,136686.33
8/1/2009,910738,280052.33,151705.33,346065.33,266908.33,136686.33
9/1/2009,910738,280052.33,151705.33,346065.33,266908.33,136686.33
10/1/2009,952435.33,337506,84990.33,327166,261130.67,149086.33
11/1/2009,952435.33,337506,84990.33,327166,261130.67,149086.33
12/1/2009,952435.33,337506,84990.33,327166,261130.67,149086.33
1/1/2010,923663.33,245685,77169.33,299776.33,257784.67,135972.33
2/1/2010,923663.33,245685,77169.33,299776.33,257784.67,135972.33
3/1/2010,923663.33,245685,77169.33,299776.33,257784.67,135972.33
4/1/2010,968657.67,271117.67,91352,347773.33,272100.33,151648.67
5/1/2010,968657.67,271117.67,91352,347773.33,272100.33,151648.67
6/1/2010,968657.67,271117.67,91352,347773.33,272100.33,151648.67
7/1/2010,892473.67,232753,96554.67,341053.67,266332.67,140949.33
8/1/2010,892473.67,232753,96554.67,341053.67,266332.67,140949.33
9/1/2010,892473.67,232753,96554.67,341053.67,266332.67,140949.33
10/1/2010,971154.33,211471.67,65589,301413.33,257792,139313
11/1/2010,971154.33,211471.67,65589,301413.33,257792,139313
12/1/2010,971154.33,211471.67,65589,301413.33,257792,139313
1/1/2011,947452.33,218088.67,86465.67,333968,264160.67,149560.33
2/1/2011,947452.33,218088.67,86465.67,333968,264160.67,149560.33
3/1/2011,947452.33,218088.67,86465.67,333968,264160.67,149560.33
4/1/2011,985883.33,266794.67,135152.33,354419,306386.67,161911
5/1/2011,985883.33,266794.67,135152.33,354419,306386.67,161911
6/1/2011,985883.33,266794.67,135152.33,354419,306386.67,161911
7/1/2011,796119.33,216763.33,154800.67,323324,258275.67,130246.33
8/1/2011,796119.33,216763.33,154800.67,323324,258275.67,130246.33
9/1/2011,796119.33,216763.33,154800.67,323324,258275.67,130246.33
10/1/2011,833005,226026,162684.67,298175.67,268804.67,131686.67
11/1/2011,833005,226026,162684.67,298175.67,268804.67,131686.67
12/1/2011,833005,226026,162684.67,298175.67,268804.67,131686.67
1/1/2012,875018.67,226668,197412.67,305287,260711,133032
2/1/2012,875018.67,226668,197412.67,305287,260711,133032
3/1/2012,875018.67,226668,197412.67,305287,260711,133032
4/1/2012,963857.33,232784.33,94678.33,344288.67,263636.67,141885.67
5/1/2012,963857.33,232784.33,94678.33,344288.67,263636.67,141885.67
6/1/2012,963857.33,232784.33,94678.33,344288.67,263636.67,141885.67
7/1/2012,896834.33,278500,156821.33,345817.67,257050,162360
8/1/2012,896834.33,278500,156821.33,345817.67,257050,162360
9/1/2012,896834.33,278500,156821.33,345817.67,257050,162360
10/1/2012,846300,267093.67,165308.67,343090.33,239220.33,140878.33
11/1/2012,846300,267093.67,165308.67,343090.33,239220.33,140878.33
12/1/2012,846300,267093.67,165308.67,343090.33,239220.33,140878.33
1/1/2013,869765.33,272737,172509.67,318593.67,244748,135306.67
2/1/2013,869765.33,272737,172509.67,318593.67,244748,135306.67
3/1/2013,869765.33,272737,172509.67,318593.67,244748,135306.67
4/1/2013,958912.67,275585,165721.67,341707.67,259595.33,161994.67
5/1/2013,958912.67,275585,165721.67,341707.67,259595.33,161994.67
6/1/2013,958912.67,275585,165721.67,341707.67,259595.33,161994.67
7/1/2013,981486.33,313190.67,167598,330475.67,267626.33,159375.33
8/1/2013,981486.33,313190.67,167598,330475.67,267626.33,159375.33
9/1/2013,981486.33,313190.67,167598,330475.67,267626.33,159375.33
10/1/2013,956188.67,277109.33,153598,290487,259108.33,132872.33
11/1/2013,956188.67,277109.33,153598,290487,259108.33,132872.33
12/1/2013,956188.67,277109.33,153598,290487,259108.33,132872.33
1/1/2014,0,0,0,0,,
2/1/2014,0,0,0,0,,
3/1/2014,0,0,0,0,,
4/1/2014,0,0,0,0,,
5/1/2014,0,0,0,0,,
6/1/2014,0,0,0,0,,
7/1/2014,0,0,0,0,,
8/1/2014,0,0,0,0,,
9/1/2014,0,0,0,0,,
10/1/2014,0,0,0,0,,
11/1/2014,0,0,0,0,,
12/1/2014,0,0,0,0,,
1/1/2015,0,0,0,0,,
2/1/2015,0,0,0,0,,
3/1/2015,0,0,0,0,,
4/1/2015,0,0,0,0,,
5/1/2015,0,0,0,0,,
6/1/2015,0,0,0,0,,
7/1/2015,0,0,0,0,,
8/1/2015,0,0,0,0,,
9/1/2015,0,0,0,0,,
10/1/2015,0,0,0,0,,
11/1/2015,0,0,0,0,,
12/1/2015,0,0,0,0,,
,,32011161,,,,
